timestamp,viewers,channel_name
2020-10-01 18:07:25.603857756,689,Эхо Москвы
2020-10-01 18:07:33.943294525,623,Эхо Москвы
2020-10-01 18:07:39.034237385,673,Эхо Москвы
2020-10-01 18:07:44.111252546,783,Эхо Москвы
2020-10-01 18:07:49.213623047,863,Эхо Москвы
2020-10-01 18:07:54.298349380,916,Эхо Москвы
2020-10-01 18:07:59.391291142,935,Эхо Москвы
2020-10-01 18:08:04.473607540,945,Эхо Москвы
2020-10-01 18:08:09.532965899,948,Эхо Москвы
2020-10-01 18:08:14.624126673,941,Эхо Москвы
2020-10-01 18:08:19.697371483,959,Эхо Москвы
2020-10-01 18:08:24.783522367,978,Эхо Москвы
2020-10-01 18:08:31.206566811,996,Эхо Москвы
2020-10-01 18:08:36.282602549,1027,Эхо Москвы
2020-10-01 18:08:41.367165089,1056,Эхо Москвы
2020-10-01 18:08:46.446498394,1090,Эхо Москвы
2020-10-01 18:08:51.519329308,1125,Эхо Москвы
2020-10-01 18:08:56.594947577,1150,Эхо Москвы
2020-10-01 18:09:01.687897444,1220,Эхо Москвы
2020-10-01 18:09:06.774317503,1244,Эхо Москвы
2020-10-01 18:09:15.818790913,1280,Эхо Москвы
2020-10-01 18:09:20.894523144,1318,Эхо Москвы
2020-10-01 18:09:25.973651886,1341,Эхо Москвы
2020-10-01 18:09:31.048971176,1372,Эхо Москвы
2020-10-01 18:09:38.176586628,1423,Эхо Москвы
2020-10-01 18:09:43.254310845,1452,Эхо Москвы
2020-10-01 18:09:48.836277485,1472,Эхо Москвы
2020-10-01 18:09:56.455450773,1496,Эхо Москвы
2020-10-01 18:10:01.526888609,1523,Эхо Москвы
2020-10-01 18:10:06.600347996,1539,Эхо Москвы
2020-10-01 18:10:11.724033594,1559,Эхо Москвы
2020-10-01 18:10:16.799152613,1598,Эхо Москвы
2020-10-01 18:10:21.956288099,1632,Эхо Москвы
2020-10-01 18:10:27.031070709,1678,Эхо Москвы
2020-10-01 18:10:32.104192972,1704,Эхо Москвы
2020-10-01 18:10:37.181758881,1726,Эхо Москвы
2020-10-01 18:10:42.270345211,1749,Эхо Москвы
2020-10-01 18:10:47.353041410,1776,Эхо Москвы
2020-10-01 18:10:54.958624363,1794,Эхо Москвы
2020-10-01 18:11:00.038106441,1823,Эхо Москвы
2020-10-01 18:11:05.115824938,1857,Эхо Москвы
2020-10-01 18:11:10.198792696,1875,Эхо Москвы
2020-10-01 18:11:15.310020208,1901,Эхо Москвы
2020-10-01 18:11:20.375721455,1933,Эхо Москвы
2020-10-01 18:11:25.449040413,1953,Эхо Москвы
2020-10-01 18:11:30.540897608,1985,Эхо Москвы
2020-10-01 18:11:35.648076534,2018,Эхо Москвы
2020-10-01 18:11:40.722423315,2050,Эхо Москвы
2020-10-01 18:11:45.803022146,2061,Эхо Москвы
2020-10-01 18:11:50.876845598,2085,Эхо Москвы
2020-10-01 18:11:56.617021084,2096,Эхо Москвы
2020-10-01 18:12:03.297504425,2129,Эхо Москвы
2020-10-01 18:12:08.385157347,2148,Эхо Москвы
2020-10-01 18:12:13.477556467,2176,Эхо Москвы
2020-10-01 18:12:18.551663160,2215,Эхо Москвы
2020-10-01 18:12:23.626335859,2244,Эхо Москвы
2020-10-01 18:12:29.833044767,2271,Эхо Москвы
2020-10-01 18:12:34.901854992,2291,Эхо Москвы
2020-10-01 18:12:39.967350245,2304,Эхо Москвы
2020-10-01 18:12:45.043078423,2335,Эхо Москвы
2020-10-01 18:12:50.118799210,2343,Эхо Москвы
2020-10-01 18:12:55.994694471,2356,Эхо Москвы
2020-10-01 18:13:01.088439226,2371,Эхо Москвы
2020-10-01 18:13:06.170283318,2400,Эхо Москвы
2020-10-01 18:13:11.249104023,2414,Эхо Москвы
2020-10-01 18:13:16.316288233,2427,Эхо Москвы
2020-10-01 18:13:21.400730371,2445,Эхо Москвы
2020-10-01 18:13:27.364848137,2499,Эхо Москвы
2020-10-01 18:13:36.420086622,2522,Эхо Москвы
2020-10-01 18:13:42.063245535,2591,Эхо Москвы
2020-10-01 18:13:47.167599201,2619,Эхо Москвы
2020-10-01 18:13:52.249427557,2646,Эхо Москвы
2020-10-01 18:13:57.336245298,2651,Эхо Москвы
2020-10-01 18:14:04.842533112,2685,Эхо Москвы
2020-10-01 18:14:09.968862772,2704,Эхо Москвы
2020-10-01 18:14:15.036725998,2726,Эхо Москвы
2020-10-01 18:14:20.115702629,2746,Эхо Москвы
2020-10-01 18:14:25.193026781,2778,Эхо Москвы
2020-10-01 18:14:34.032003403,2825,Эхо Москвы
2020-10-01 18:14:39.110507965,2846,Эхо Москвы
2020-10-01 18:14:44.188114166,2853,Эхо Москвы
2020-10-01 18:14:49.264110565,2881,Эхо Москвы
2020-10-01 18:14:54.331577778,2890,Эхо Москвы
2020-10-01 18:14:59.406789064,2898,Эхо Москвы
2020-10-01 18:15:04.492438555,2924,Эхо Москвы
2020-10-01 18:15:09.571522474,2961,Эхо Москвы
2020-10-01 18:15:14.723693609,2992,Эхо Москвы
2020-10-01 18:15:19.852792978,3015,Эхо Москвы
2020-10-01 18:15:24.953721762,3043,Эхо Москвы
2020-10-01 18:15:30.092828989,3065,Эхо Москвы
2020-10-01 18:15:35.180610657,3088,Эхо Москвы
2020-10-01 18:15:40.294633627,3112,Эхо Москвы
2020-10-01 18:15:45.972325087,3125,Эхо Москвы
2020-10-01 18:15:51.051201820,3153,Эхо Москвы
2020-10-01 18:15:56.167506933,3160,Эхо Москвы
2020-10-01 18:16:01.237695456,3175,Эхо Москвы
2020-10-01 18:16:06.320948124,3191,Эхо Москвы
2020-10-01 18:16:11.402201891,3212,Эхо Москвы
2020-10-01 18:16:16.499461889,3226,Эхо Москвы
2020-10-01 18:16:21.591670036,3236,Эхо Москвы
2020-10-01 18:16:26.667730093,3243,Эхо Москвы
2020-10-01 18:16:31.752269983,3263,Эхо Москвы
2020-10-01 18:16:38.153534651,3278,Эхо Москвы
2020-10-01 18:16:43.239794970,3308,Эхо Москвы
2020-10-01 18:16:48.363895416,3328,Эхо Москвы
2020-10-01 18:16:53.441507339,3349,Эхо Москвы
2020-10-01 18:16:58.513143063,3376,Эхо Москвы
2020-10-01 18:17:03.599651814,3399,Эхо Москвы
2020-10-01 18:17:08.660025597,3424,Эхо Москвы
2020-10-01 18:17:13.744864225,3439,Эхо Москвы
2020-10-01 18:17:18.816220522,3465,Эхо Москвы
2020-10-01 18:17:23.922680378,3477,Эхо Москвы
2020-10-01 18:17:28.991277456,3487,Эхо Москвы
2020-10-01 18:17:34.065502644,3498,Эхо Москвы
2020-10-01 18:17:39.142136574,3516,Эхо Москвы
2020-10-01 18:17:44.211985588,3535,Эхо Москвы
2020-10-01 18:17:49.282387495,3551,Эхо Москвы
2020-10-01 18:17:54.362176657,3558,Эхо Москвы
2020-10-01 18:17:59.436254978,3576,Эхо Москвы
2020-10-01 18:18:07.217629194,3602,Эхо Москвы
2020-10-01 18:18:12.294414997,3637,Эхо Москвы
2020-10-01 18:18:17.387287617,3666,Эхо Москвы
2020-10-01 18:18:22.478688240,3688,Эхо Москвы
2020-10-01 18:18:27.565217257,3703,Эхо Москвы
2020-10-01 18:18:32.643042803,3717,Эхо Москвы
2020-10-01 18:18:37.717929602,3733,Эхо Москвы
2020-10-01 18:18:43.531800508,3749,Эхо Москвы
2020-10-01 18:18:48.646975517,3766,Эхо Москвы
2020-10-01 18:18:53.717147350,3777,Эхо Москвы
2020-10-01 18:18:58.815016508,3790,Эхо Москвы
2020-10-01 18:19:03.890302420,3811,Эхо Москвы
2020-10-01 18:19:08.977027893,3821,Эхо Москвы
2020-10-01 18:19:14.051143646,3839,Эхо Москвы
2020-10-01 18:19:19.129498005,3852,Эхо Москвы
2020-10-01 18:19:24.196880102,3855,Эхо Москвы
2020-10-01 18:19:29.293429375,3880,Эхо Москвы
2020-10-01 18:19:34.370630980,3897,Эхо Москвы
2020-10-01 18:19:39.453670740,3900,Эхо Москвы
2020-10-01 18:19:44.539722443,3926,Эхо Москвы
2020-10-01 18:19:49.628578663,3943,Эхо Москвы
2020-10-01 18:19:54.724711418,3965,Эхо Москвы
2020-10-01 18:19:59.839228630,3977,Эхо Москвы
2020-10-01 18:20:04.920490742,3993,Эхо Москвы
2020-10-01 18:20:09.992716312,3998,Эхо Москвы
2020-10-01 18:20:15.071577311,3992,Эхо Москвы
2020-10-01 18:20:20.165430546,4003,Эхо Москвы
2020-10-01 18:20:25.260066509,4011,Эхо Москвы
2020-10-01 18:20:30.327717066,4026,Эхо Москвы
2020-10-01 18:20:35.426813364,4044,Эхо Москвы
2020-10-01 18:20:40.496016741,4074,Эхо Москвы
2020-10-01 18:20:45.577101231,4088,Эхо Москвы
2020-10-01 18:20:50.652833700,4101,Эхо Москвы
2020-10-01 18:20:55.745552063,4110,Эхо Москвы
2020-10-01 18:21:00.842081547,4129,Эхо Москвы
2020-10-01 18:21:05.914881468,4133,Эхо Москвы
2020-10-01 18:21:10.997306347,4151,Эхо Москвы
2020-10-01 18:21:16.076930046,4175,Эхо Москвы
2020-10-01 18:21:21.297525167,4195,Эхо Москвы
2020-10-01 18:21:26.370425940,4204,Эхо Москвы
2020-10-01 18:21:31.450015545,4221,Эхо Москвы
2020-10-01 18:21:36.541928768,4240,Эхо Москвы
2020-10-01 18:21:41.626638174,4249,Эхо Москвы
2020-10-01 18:21:46.694387436,4270,Эхо Москвы
2020-10-01 18:21:51.762437582,4278,Эхо Москвы
2020-10-01 18:21:57.697074890,4311,Эхо Москвы
2020-10-01 18:22:02.767302513,4324,Эхо Москвы
2020-10-01 18:22:07.838478804,4338,Эхо Москвы
2020-10-01 18:22:13.187988758,4348,Эхо Москвы
2020-10-01 18:22:18.261352539,4366,Эхо Москвы
2020-10-01 18:22:23.331931353,4379,Эхо Москвы
2020-10-01 18:22:28.408461809,4409,Эхо Москвы
2020-10-01 18:22:37.600540161,4429,Эхо Москвы
2020-10-01 18:22:42.673735857,4459,Эхо Москвы
2020-10-01 18:22:47.775622368,4484,Эхо Москвы
2020-10-01 18:22:52.859928608,4505,Эхо Москвы
2020-10-01 18:22:57.925227880,4502,Эхо Москвы
2020-10-01 18:23:03.881067276,4500,Эхо Москвы
2020-10-01 18:23:08.991813421,4510,Эхо Москвы
2020-10-01 18:23:14.063297272,4516,Эхо Москвы
2020-10-01 18:23:19.179500580,4530,Эхо Москвы
2020-10-01 18:23:24.244940519,4562,Эхо Москвы
2020-10-01 18:23:29.317964554,4590,Эхо Москвы
2020-10-01 18:23:34.397343874,4599,Эхо Москвы
2020-10-01 18:23:39.474107981,4619,Эхо Москвы
2020-10-01 18:23:44.533107281,4644,Эхо Москвы
2020-10-01 18:23:49.602668524,4646,Эхо Москвы
2020-10-01 18:23:54.691578865,4666,Эхо Москвы
2020-10-01 18:23:59.763492107,4669,Эхо Москвы
2020-10-01 18:24:04.842857361,4677,Эхо Москвы
2020-10-01 18:24:09.911631346,4680,Эхо Москвы
2020-10-01 18:24:15.048333883,4700,Эхо Москвы
2020-10-01 18:24:22.506376505,4724,Эхо Москвы
2020-10-01 18:24:27.590151072,4733,Эхо Москвы
2020-10-01 18:24:32.686647177,4753,Эхо Москвы
2020-10-01 18:24:37.756647110,4772,Эхо Москвы
2020-10-01 18:24:42.835477591,4778,Эхо Москвы
2020-10-01 18:24:47.895099401,4791,Эхо Москвы
2020-10-01 18:24:53.038321495,4799,Эхо Москвы
2020-10-01 18:24:58.125334978,4811,Эхо Москвы
2020-10-01 18:25:03.199070692,4823,Эхо Москвы
2020-10-01 18:25:12.224934578,4847,Эхо Москвы
2020-10-01 18:25:17.300151110,4869,Эхо Москвы
2020-10-01 18:25:22.375093937,4869,Эхо Москвы
2020-10-01 18:25:27.438102484,4886,Эхо Москвы
2020-10-01 18:25:32.518568516,4915,Эхо Москвы
2020-10-01 18:25:37.611493111,4939,Эхо Москвы
2020-10-01 18:25:46.248286963,4944,Эхо Москвы
2020-10-01 18:25:51.330117226,4949,Эхо Москвы
2020-10-01 18:25:56.399189949,4960,Эхо Москвы
2020-10-01 18:26:01.470018625,4973,Эхо Москвы
2020-10-01 18:26:06.553770781,4974,Эхо Москвы
2020-10-01 18:26:12.530894756,4982,Эхо Москвы
2020-10-01 18:26:17.704933882,5000,Эхо Москвы
2020-10-01 18:26:22.781860828,5034,Эхо Москвы
2020-10-01 18:26:27.856892109,5054,Эхо Москвы
2020-10-01 18:26:32.926393509,5056,Эхо Москвы
2020-10-01 18:26:38.882263184,5069,Эхо Москвы
2020-10-01 18:26:43.960223436,5088,Эхо Москвы
2020-10-01 18:26:49.032924890,5102,Эхо Москвы
2020-10-01 18:26:54.114383698,5106,Эхо Москвы
2020-10-01 18:27:00.981908798,5104,Эхо Москвы
2020-10-01 18:27:06.062331438,5107,Эхо Москвы
2020-10-01 18:27:11.154090405,5119,Эхо Москвы
2020-10-01 18:27:16.242116451,5129,Эхо Москвы
2020-10-01 18:27:21.326690912,5137,Эхо Москвы
2020-10-01 18:27:26.399021149,5161,Эхо Москвы
2020-10-01 18:27:31.471251965,5171,Эхо Москвы
2020-10-01 18:27:43.279975176,5204,Эхо Москвы
2020-10-01 18:27:48.367950678,5235,Эхо Москвы
2020-10-01 18:27:54.395848513,5256,Эхо Москвы
2020-10-01 18:27:59.474010468,5275,Эхо Москвы
2020-10-01 18:28:04.556008816,5291,Эхо Москвы
2020-10-01 18:28:09.639302731,5298,Эхо Москвы
2020-10-01 18:28:16.538171291,5289,Эхо Москвы
2020-10-01 18:28:21.630074024,5287,Эхо Москвы
2020-10-01 18:28:26.731599808,5305,Эхо Москвы
2020-10-01 18:28:31.807442188,5321,Эхо Москвы
2020-10-01 18:28:36.887681246,5329,Эхо Москвы
2020-10-01 18:28:41.966161489,5307,Эхо Москвы
2020-10-01 18:28:47.055765152,5307,Эхо Москвы
2020-10-01 18:28:52.120418787,5308,Эхо Москвы
2020-10-01 18:28:57.197944403,5308,Эхо Москвы
2020-10-01 18:29:02.270806551,5318,Эхо Москвы
2020-10-01 18:29:07.346678495,5336,Эхо Москвы
2020-10-01 18:29:12.447389364,5334,Эхо Москвы
2020-10-01 18:29:17.514849424,5331,Эхо Москвы
2020-10-01 18:29:22.602754593,5339,Эхо Москвы
2020-10-01 18:29:30.694447041,5360,Эхо Москвы
2020-10-01 18:29:35.768933296,5350,Эхо Москвы
2020-10-01 18:29:40.845358849,5352,Эхо Москвы
2020-10-01 18:29:45.926512480,5377,Эхо Москвы
2020-10-01 18:29:51.004650593,5386,Эхо Москвы
2020-10-01 18:29:56.088621140,5388,Эхо Москвы
2020-10-01 18:30:01.168910503,5386,Эхо Москвы
2020-10-01 18:30:06.262393951,5404,Эхо Москвы
2020-10-01 18:30:11.332376003,5418,Эхо Москвы
2020-10-01 18:30:16.409168243,5440,Эхо Москвы
2020-10-01 18:30:21.475951195,5443,Эхо Москвы
2020-10-01 18:30:26.557934523,5434,Эхо Москвы
2020-10-01 18:30:31.675927639,5448,Эхо Москвы
2020-10-01 18:30:36.747135878,5459,Эхо Москвы
2020-10-01 18:30:41.819659472,5475,Эхо Москвы
2020-10-01 18:30:46.923991442,5495,Эхо Москвы
2020-10-01 18:30:51.994226694,5495,Эхо Москвы
2020-10-01 18:30:57.060271978,5475,Эхо Москвы
2020-10-01 18:31:02.158108711,5472,Эхо Москвы
2020-10-01 18:31:07.262668848,5473,Эхо Москвы
2020-10-01 18:31:12.332921028,5476,Эхо Москвы
2020-10-01 18:31:17.409993887,5469,Эхо Москвы
2020-10-01 18:31:22.482783079,5457,Эхо Москвы
2020-10-01 18:31:27.551282406,5459,Эхо Москвы
2020-10-01 18:31:32.633001566,5467,Эхо Москвы
2020-10-01 18:31:37.721104383,5472,Эхо Москвы
2020-10-01 18:31:46.128244638,5484,Эхо Москвы
2020-10-01 18:31:51.210557461,5482,Эхо Москвы
2020-10-01 18:31:56.279856443,5483,Эхо Москвы
2020-10-01 18:32:07.642263412,5475,Эхо Москвы
2020-10-01 18:32:12.732896566,5477,Эхо Москвы
2020-10-01 18:32:17.806287527,5500,Эхо Москвы
2020-10-01 18:32:22.885759592,5504,Эхо Москвы
2020-10-01 18:32:27.950807810,5513,Эхо Москвы
2020-10-01 18:32:49.212866783,5542,Эхо Москвы
2020-10-01 18:32:54.294806957,5546,Эхо Москвы
2020-10-01 18:32:59.367420435,5542,Эхо Москвы
2020-10-01 18:33:04.436014891,5546,Эхо Москвы
2020-10-01 18:33:10.085460663,5557,Эхо Москвы
2020-10-01 18:33:15.164805174,5567,Эхо Москвы
2020-10-01 18:33:20.559850216,5561,Эхо Москвы
2020-10-01 18:33:25.636899471,5563,Эхо Москвы
2020-10-01 18:33:30.708395243,5558,Эхо Москвы
2020-10-01 18:33:35.778982878,5558,Эхо Москвы
2020-10-01 18:33:40.836899757,5548,Эхо Москвы
2020-10-01 18:33:45.913654566,5532,Эхо Москвы
2020-10-01 18:33:51.012232304,5542,Эхо Москвы
2020-10-01 18:33:56.095042229,5544,Эхо Москвы
2020-10-01 18:34:01.170614004,5538,Эхо Москвы
2020-10-01 18:34:06.246057034,5524,Эхо Москвы
2020-10-01 18:34:11.318904400,5527,Эхо Москвы
2020-10-01 18:34:16.391630173,5530,Эхо Москвы
2020-10-01 18:34:21.462768793,5546,Эхо Москвы
2020-10-01 18:34:26.526505232,5540,Эхо Москвы
2020-10-01 18:34:31.610024214,5544,Эхо Москвы
2020-10-01 18:34:36.690138578,5541,Эхо Москвы
2020-10-01 18:34:42.104291439,5572,Эхо Москвы
2020-10-01 18:34:47.187907934,5590,Эхо Москвы
2020-10-01 18:34:52.275306940,5606,Эхо Москвы
2020-10-01 18:34:57.350979328,5616,Эхо Москвы
2020-10-01 18:35:02.439159870,5619,Эхо Москвы
2020-10-01 18:35:07.511664867,5619,Эхо Москвы
2020-10-01 18:35:12.584493160,5639,Эхо Москвы
2020-10-01 18:35:17.666327000,5655,Эхо Москвы
2020-10-01 18:35:22.733568668,5664,Эхо Москвы
2020-10-01 18:35:27.814443111,5670,Эхо Москвы
2020-10-01 18:35:32.893850088,5675,Эхо Москвы
2020-10-01 18:35:39.211722136,5679,Эхо Москвы
2020-10-01 18:35:44.282037973,5693,Эхо Москвы
2020-10-01 18:35:49.364796162,5710,Эхо Москвы
2020-10-01 18:35:54.458829403,5713,Эхо Москвы
2020-10-01 18:35:59.589361429,5719,Эхо Москвы
2020-10-01 18:36:10.066705465,5735,Эхо Москвы
2020-10-01 18:36:15.143858910,5748,Эхо Москвы
2020-10-01 18:36:20.218032837,5768,Эхо Москвы
2020-10-01 18:36:25.300560474,5780,Эхо Москвы
2020-10-01 18:36:30.384739399,5803,Эхо Москвы
2020-10-01 18:36:35.455521584,5840,Эхо Москвы
2020-10-01 18:36:41.723674774,5843,Эхо Москвы
2020-10-01 18:36:46.814107895,5842,Эхо Москвы
2020-10-01 18:36:51.930241108,5842,Эхо Москвы
2020-10-01 18:36:57.025828600,5826,Эхо Москвы
2020-10-01 18:37:02.095488548,5829,Эхо Москвы
2020-10-01 18:37:07.182628393,5829,Эхо Москвы
2020-10-01 18:37:12.269799471,5844,Эхо Москвы
2020-10-01 18:37:17.354576826,5843,Эхо Москвы
2020-10-01 18:37:22.441438198,5875,Эхо Москвы
2020-10-01 18:37:29.393346071,5900,Эхо Москвы
2020-10-01 18:37:34.479756117,5911,Эхо Москвы
2020-10-01 18:37:39.555016518,5914,Эхо Москвы
2020-10-01 18:37:44.625951529,5926,Эхо Москвы
2020-10-01 18:37:50.095300198,5922,Эхо Москвы
2020-10-01 18:37:55.171676874,5922,Эхо Москвы
2020-10-01 18:38:00.230796099,5925,Эхо Москвы
2020-10-01 18:38:05.370572090,5927,Эхо Москвы
2020-10-01 18:38:10.490516901,5924,Эхо Москвы
2020-10-01 18:38:15.569059610,5934,Эхо Москвы
2020-10-01 18:38:20.647643566,5955,Эхо Москвы
2020-10-01 18:38:25.724154711,5960,Эхо Москвы
2020-10-01 18:38:30.804814100,5967,Эхо Москвы
2020-10-01 18:38:35.891124010,5966,Эхо Москвы
2020-10-01 18:38:40.965582848,5974,Эхо Москвы
2020-10-01 18:38:46.133429289,5989,Эхо Москвы
2020-10-01 18:38:51.246109009,6006,Эхо Москвы
2020-10-01 18:38:56.369566441,6025,Эхо Москвы
2020-10-01 18:39:01.446546555,6041,Эхо Москвы
2020-10-01 18:39:07.675338030,6049,Эхо Москвы
2020-10-01 18:39:12.747830391,6048,Эхо Москвы
2020-10-01 18:39:17.956556559,6062,Эхо Москвы
2020-10-01 18:39:23.096661329,6080,Эхо Москвы
2020-10-01 18:39:28.180941820,6093,Эхо Москвы
2020-10-01 18:39:33.402302980,6091,Эхо Москвы
2020-10-01 18:39:38.482707262,6100,Эхо Москвы
2020-10-01 18:39:43.947880745,6101,Эхо Москвы
2020-10-01 18:39:49.532853841,6109,Эхо Москвы
2020-10-01 18:39:56.946047544,6118,Эхо Москвы
2020-10-01 18:40:02.035313368,6118,Эхо Москвы
2020-10-01 18:40:07.846223354,6153,Эхо Москвы
2020-10-01 18:40:12.923317671,6149,Эхо Москвы
2020-10-01 18:40:17.988188505,6154,Эхо Москвы
2020-10-01 18:40:23.057658195,6149,Эхо Москвы
2020-10-01 18:40:28.140197992,6153,Эхо Москвы
2020-10-01 18:40:40.514556170,6154,Эхо Москвы
2020-10-01 18:40:45.612233639,6150,Эхо Москвы
2020-10-01 18:40:50.693459511,6157,Эхо Москвы
2020-10-01 18:40:58.477144241,6158,Эхо Москвы
2020-10-01 18:41:03.563689232,6155,Эхо Москвы
2020-10-01 18:41:08.644843817,6174,Эхо Москвы
2020-10-01 18:41:13.729187489,6187,Эхо Москвы
2020-10-01 18:41:18.793541193,6185,Эхо Москвы
2020-10-01 18:41:23.875771761,6216,Эхо Москвы
2020-10-01 18:41:28.958409071,6228,Эхо Москвы
2020-10-01 18:41:34.035909653,6218,Эхо Москвы
2020-10-01 18:41:39.108704567,6206,Эхо Москвы
2020-10-01 18:41:44.313805342,6203,Эхо Москвы
2020-10-01 18:41:49.392333508,6206,Эхо Москвы
2020-10-01 18:41:54.467084169,6201,Эхо Москвы
2020-10-01 18:41:59.535760164,6226,Эхо Москвы
2020-10-01 18:42:04.615283012,6238,Эхо Москвы
2020-10-01 18:42:09.690754414,6242,Эхо Москвы
2020-10-01 18:42:20.078232527,6258,Эхо Москвы
2020-10-01 18:42:25.147385836,6274,Эхо Москвы
2020-10-01 18:42:30.213282108,6270,Эхо Москвы
2020-10-01 18:42:39.015004396,6276,Эхо Москвы
2020-10-01 18:42:44.071076632,6281,Эхо Москвы
2020-10-01 18:42:49.146591425,6286,Эхо Москвы
2020-10-01 18:42:54.236866474,6301,Эхо Москвы
2020-10-01 18:42:59.300659657,6302,Эхо Москвы
2020-10-01 18:43:04.368488550,6301,Эхо Москвы
2020-10-01 18:43:11.889450073,6301,Эхо Москвы
2020-10-01 18:43:17.039198399,6301,Эхо Москвы
2020-10-01 18:43:22.160787582,6292,Эхо Москвы
2020-10-01 18:43:27.323039532,6301,Эхо Москвы
2020-10-01 18:43:32.412621498,6307,Эхо Москвы
2020-10-01 18:43:37.482181072,6310,Эхо Москвы
2020-10-01 18:43:42.547195435,6321,Эхо Москвы
2020-10-01 18:43:47.616720200,6333,Эхо Москвы
2020-10-01 18:43:52.692082405,6339,Эхо Москвы
2020-10-01 18:43:57.776726484,6343,Эхо Москвы
2020-10-01 18:44:02.862194061,6351,Эхо Москвы
2020-10-01 18:44:07.924907446,6350,Эхо Москвы
2020-10-01 18:44:13.004090548,6361,Эхо Москвы
2020-10-01 18:44:18.084453821,6364,Эхо Москвы
2020-10-01 18:44:23.171401978,6373,Эхо Москвы
2020-10-01 18:44:28.251147032,6374,Эхо Москвы
2020-10-01 18:44:33.339038134,6386,Эхо Москвы
2020-10-01 18:44:38.432316303,6394,Эхо Москвы
2020-10-01 18:44:45.715571404,6392,Эхо Москвы
2020-10-01 18:44:50.789111614,6392,Эхо Москвы
2020-10-01 18:44:55.862380505,6393,Эхо Москвы
2020-10-01 18:45:00.933458090,6392,Эхо Москвы
2020-10-01 18:45:06.019431829,6390,Эхо Москвы
2020-10-01 18:45:12.166100740,6427,Эхо Москвы
2020-10-01 18:45:17.239188194,6428,Эхо Москвы
2020-10-01 18:45:22.304307222,6418,Эхо Москвы
2020-10-01 18:45:27.376183510,6414,Эхо Москвы
2020-10-01 18:45:32.442261457,6418,Эхо Москвы
2020-10-01 18:45:37.539455414,6411,Эхо Москвы
2020-10-01 18:45:42.629262686,6416,Эхо Москвы
2020-10-01 18:45:47.701846600,6419,Эхо Москвы
2020-10-01 18:45:52.780905962,6431,Эхо Москвы
2020-10-01 18:45:57.878259182,6428,Эхо Москвы
2020-10-01 18:46:02.951697350,6427,Эхо Москвы
2020-10-01 18:46:08.023423195,6418,Эхо Москвы
2020-10-01 18:46:13.101185560,6410,Эхо Москвы
2020-10-01 18:46:18.169050217,6419,Эхо Москвы
2020-10-01 18:46:23.263417006,6424,Эхо Москвы
2020-10-01 18:46:28.347256899,6433,Эхо Москвы
2020-10-01 18:46:36.869813442,6415,Эхо Москвы
2020-10-01 18:46:41.965715408,6416,Эхо Москвы
2020-10-01 18:46:47.078047514,6427,Эхо Москвы
2020-10-01 18:46:52.154790878,6432,Эхо Москвы
2020-10-01 18:46:57.248410940,6432,Эхо Москвы
2020-10-01 18:47:02.588647127,6426,Эхо Москвы
2020-10-01 18:47:07.670887232,6430,Эхо Москвы
2020-10-01 18:47:12.746141911,6425,Эхо Москвы
2020-10-01 18:47:17.822435856,6400,Эхо Москвы
2020-10-01 18:47:22.914696693,6376,Эхо Москвы
2020-10-01 18:47:31.259189129,6320,Эхо Москвы
2020-10-01 19:00:35.604357958,2876,Соловьёв LIVE
2020-10-01 19:00:40.697844505,3036,Соловьёв LIVE
2020-10-01 19:00:45.767352581,3208,Соловьёв LIVE
2020-10-01 19:00:50.829077005,3308,Соловьёв LIVE
2020-10-01 19:00:37.298512697,8434,Навальный LIVE
2020-10-01 19:00:42.368223429,7867,Навальный LIVE
2020-10-01 19:00:47.725006342,7049,Навальный LIVE
2020-10-01 19:00:55.898078203,3479,Соловьёв LIVE
2020-10-01 19:01:00.973742008,3643,Соловьёв LIVE
2020-10-01 19:01:06.060616732,3777,Соловьёв LIVE
2020-10-01 19:01:11.124314547,3777,Соловьёв LIVE
2020-10-01 19:01:16.190051556,4005,Соловьёв LIVE
2020-10-01 19:01:27.971166372,4235,Соловьёв LIVE
2020-10-01 19:01:33.040922642,4360,Соловьёв LIVE
2020-10-01 19:01:39.489953518,4633,Соловьёв LIVE
2020-10-01 19:01:44.558282375,4765,Соловьёв LIVE
2020-10-01 19:01:49.644247532,4866,Соловьёв LIVE
2020-10-01 19:01:54.799058914,4983,Соловьёв LIVE
2020-10-01 19:00:54.904722452,6348,Навальный LIVE
2020-10-01 19:00:59.981113195,7236,Навальный LIVE
2020-10-01 19:01:05.052484751,8706,Навальный LIVE
2020-10-01 19:01:10.577385187,9516,Навальный LIVE
2020-10-01 19:01:15.639790058,10070,Навальный LIVE
2020-10-01 19:01:20.708138466,10428,Навальный LIVE
2020-10-01 19:01:26.441889524,10698,Навальный LIVE
2020-10-01 19:01:31.510017872,10942,Навальный LIVE
2020-10-01 19:01:39.482736826,11312,Навальный LIVE
2020-10-01 19:01:44.567044020,11434,Навальный LIVE
2020-10-01 19:01:49.663514376,11650,Навальный LIVE
2020-10-01 19:01:54.808447123,11858,Навальный LIVE
2020-10-01 19:01:59.939210176,5129,Соловьёв LIVE
2020-10-01 19:02:09.198026657,5395,Соловьёв LIVE
2020-10-01 19:02:14.287037373,5546,Соловьёв LIVE
2020-10-01 19:02:19.367916107,5663,Соловьёв LIVE
2020-10-01 19:02:28.036267519,5762,Соловьёв LIVE
2020-10-01 19:02:33.107438564,5908,Соловьёв LIVE
2020-10-01 19:02:38.176617146,6052,Соловьёв LIVE
2020-10-01 19:02:43.242986679,6195,Соловьёв LIVE
2020-10-01 19:02:48.317866802,6301,Соловьёв LIVE
2020-10-01 19:02:53.385121107,6412,Соловьёв LIVE
2020-10-01 19:03:00.453415394,6587,Соловьёв LIVE
2020-10-01 19:01:59.973314762,12063,Навальный LIVE
2020-10-01 19:02:07.732665539,12583,Навальный LIVE
2020-10-01 19:02:12.799196482,12872,Навальный LIVE
2020-10-01 19:02:18.099489212,13235,Навальный LIVE
2020-10-01 19:02:23.167348385,13548,Навальный LIVE
2020-10-01 19:02:29.563010216,13840,Навальный LIVE
2020-10-01 19:02:34.631722689,14176,Навальный LIVE
2020-10-01 19:02:39.709682703,14452,Навальный LIVE
2020-10-01 19:02:45.697826624,14717,Навальный LIVE
2020-10-01 19:02:50.783567667,14964,Навальный LIVE
2020-10-01 19:02:55.869186640,15147,Навальный LIVE
2020-10-01 19:03:00.950194836,15294,Навальный LIVE
2020-10-01 19:03:05.518281460,6695,Соловьёв LIVE
2020-10-01 19:03:10.585109472,6781,Соловьёв LIVE
2020-10-01 19:03:15.666980982,6854,Соловьёв LIVE
2020-10-01 19:03:20.745053291,6927,Соловьёв LIVE
2020-10-01 19:03:25.828634739,7023,Соловьёв LIVE
2020-10-01 19:03:30.906271458,7108,Соловьёв LIVE
2020-10-01 19:03:35.984788179,7221,Соловьёв LIVE
2020-10-01 19:03:41.056218624,7319,Соловьёв LIVE
2020-10-01 19:03:46.141115427,7398,Соловьёв LIVE
2020-10-01 19:03:51.805380583,7429,Соловьёв LIVE
2020-10-01 19:03:56.879497766,7499,Соловьёв LIVE
2020-10-01 19:04:01.947123528,7581,Соловьёв LIVE
2020-10-01 19:03:36.668245316,62,Эхо Москвы
2020-10-01 19:03:41.740617275,71,Эхо Москвы
2020-10-01 19:03:46.810107470,74,Эхо Москвы
2020-10-01 19:03:52.495436430,71,Эхо Москвы
2020-10-01 19:03:57.565030098,71,Эхо Москвы
2020-10-01 19:04:02.640928745,76,Эхо Москвы
2020-10-01 19:03:06.022170544,15431,Навальный LIVE
2020-10-01 19:03:11.095989943,15575,Навальный LIVE
2020-10-01 19:03:16.162110567,15703,Навальный LIVE
2020-10-01 19:03:21.266771555,15833,Навальный LIVE
2020-10-01 19:03:26.342504978,15953,Навальный LIVE
2020-10-01 19:03:31.422679186,16069,Навальный LIVE
2020-10-01 19:03:36.484541893,16167,Навальный LIVE
2020-10-01 19:03:41.553833246,16275,Навальный LIVE
2020-10-01 19:03:46.625188589,16479,Навальный LIVE
2020-10-01 19:03:52.500185251,16623,Навальный LIVE
2020-10-01 19:03:57.574264765,16731,Навальный LIVE
2020-10-01 19:04:02.649129391,16856,Навальный LIVE
2020-10-01 19:04:12.325314999,7679,Соловьёв LIVE
2020-10-01 19:04:17.395497561,7746,Соловьёв LIVE
2020-10-01 19:04:22.478890419,7828,Соловьёв LIVE
2020-10-01 19:04:27.630096197,7894,Соловьёв LIVE
2020-10-01 19:04:34.941188574,8052,Соловьёв LIVE
2020-10-01 19:04:40.012599945,8106,Соловьёв LIVE
2020-10-01 19:04:45.146043062,8177,Соловьёв LIVE
2020-10-01 19:04:51.873343468,8251,Соловьёв LIVE
2020-10-01 19:04:56.945307255,8308,Соловьёв LIVE
2020-10-01 19:05:02.006810904,8373,Соловьёв LIVE
2020-10-01 19:04:09.631817579,76,Эхо Москвы
2020-10-01 19:04:14.700431824,82,Эхо Москвы
2020-10-01 19:04:19.764497042,82,Эхо Москвы
2020-10-01 19:04:24.859862566,80,Эхо Москвы
2020-10-01 19:04:30.025212526,81,Эхо Москвы
2020-10-01 19:04:35.145779610,84,Эхо Москвы
2020-10-01 19:04:40.225166321,90,Эхо Москвы
2020-10-01 19:04:45.334935665,91,Эхо Москвы
2020-10-01 19:04:51.880813360,100,Эхо Москвы
2020-10-01 19:04:56.975630045,102,Эхо Москвы
2020-10-01 19:05:02.041419506,104,Эхо Москвы
2020-10-01 19:04:09.637785912,17006,Навальный LIVE
2020-10-01 19:04:14.711190224,17149,Навальный LIVE
2020-10-01 19:04:19.784926891,17238,Навальный LIVE
2020-10-01 19:04:24.873546124,17380,Навальный LIVE
2020-10-01 19:04:30.024776220,17555,Навальный LIVE
2020-10-01 19:04:35.145493507,17666,Навальный LIVE
2020-10-01 19:04:40.234340906,17779,Навальный LIVE
2020-10-01 19:04:45.338028431,17820,Навальный LIVE
2020-10-01 19:04:51.879709005,17894,Навальный LIVE
2020-10-01 19:04:56.965860844,17983,Навальный LIVE
2020-10-01 19:05:02.028453588,18121,Навальный LIVE
2020-10-01 19:05:09.243999004,8457,Соловьёв LIVE
2020-10-01 19:05:14.310114861,8515,Соловьёв LIVE
2020-10-01 19:05:19.395723820,8574,Соловьёв LIVE
2020-10-01 19:05:24.477460861,8671,Соловьёв LIVE
2020-10-01 19:05:31.941765070,8744,Соловьёв LIVE
2020-10-01 19:05:37.011010885,8798,Соловьёв LIVE
2020-10-01 19:05:42.083974123,8854,Соловьёв LIVE
2020-10-01 19:05:47.144180536,8940,Соловьёв LIVE
2020-10-01 19:05:52.211352825,9030,Соловьёв LIVE
2020-10-01 19:05:57.295058966,9108,Соловьёв LIVE
2020-10-01 19:06:02.384225607,9179,Соловьёв LIVE
2020-10-01 19:05:09.217723846,18405,Навальный LIVE
2020-10-01 19:05:14.309668541,18546,Навальный LIVE
2020-10-01 19:05:19.385025263,18664,Навальный LIVE
2020-10-01 19:05:24.450138092,18760,Навальный LIVE
2020-10-01 19:05:31.951617002,18848,Навальный LIVE
2020-10-01 19:05:37.021101475,18950,Навальный LIVE
2020-10-01 19:05:42.118366480,19029,Навальный LIVE
2020-10-01 19:05:47.188670397,19196,Навальный LIVE
2020-10-01 19:05:52.264475107,19270,Навальный LIVE
2020-10-01 19:05:57.345069647,19270,Навальный LIVE
2020-10-01 19:06:02.435627460,19432,Навальный LIVE
2020-10-01 19:06:07.456531525,9275,Соловьёв LIVE
2020-10-01 19:06:12.519623280,9361,Соловьёв LIVE
2020-10-01 19:06:17.582385063,9441,Соловьёв LIVE
2020-10-01 19:06:22.654048204,9549,Соловьёв LIVE
2020-10-01 19:06:31.241903782,9718,Соловьёв LIVE
2020-10-01 19:06:36.330893040,9796,Соловьёв LIVE
2020-10-01 19:06:41.400537491,9901,Соловьёв LIVE
2020-10-01 19:06:47.909135818,9990,Соловьёв LIVE
2020-10-01 19:06:53.005670547,10084,Соловьёв LIVE
2020-10-01 19:06:58.079324961,10131,Соловьёв LIVE
2020-10-01 19:07:03.143489361,10197,Соловьёв LIVE
2020-10-01 19:05:09.214756012,114,Эхо Москвы
2020-10-01 19:05:14.296594620,120,Эхо Москвы
2020-10-01 19:05:19.362032175,126,Эхо Москвы
2020-10-01 19:05:24.424208879,127,Эхо Москвы
2020-10-01 19:05:32.711814404,137,Эхо Москвы
2020-10-01 19:05:37.795310497,141,Эхо Москвы
2020-10-01 19:05:42.864079475,136,Эхо Москвы
2020-10-01 19:05:47.934817076,139,Эхо Москвы
2020-10-01 19:05:53.018196583,139,Эхо Москвы
2020-10-01 19:05:58.085735798,138,Эхо Москвы
2020-10-01 19:06:04.853326082,144,Эхо Москвы
2020-10-01 19:06:09.915237427,145,Эхо Москвы
2020-10-01 19:06:14.984960079,144,Эхо Москвы
2020-10-01 19:06:20.057651043,149,Эхо Москвы
2020-10-01 19:06:25.131230354,151,Эхо Москвы
2020-10-01 19:06:30.196157217,152,Эхо Москвы
2020-10-01 19:06:35.266038418,151,Эхо Москвы
2020-10-01 19:06:40.328785896,164,Эхо Москвы
2020-10-01 19:06:45.398377895,174,Эхо Москвы
2020-10-01 19:06:50.474616766,174,Эхо Москвы
2020-10-01 19:06:55.551224470,175,Эхо Москвы
2020-10-01 19:07:00.625401497,175,Эхо Москвы
2020-10-01 19:06:07.503685951,19530,Навальный LIVE
2020-10-01 19:06:12.565390348,19645,Навальный LIVE
2020-10-01 19:06:17.624981403,19830,Навальный LIVE
2020-10-01 19:06:22.698109865,20002,Навальный LIVE
2020-10-01 19:06:32.876126051,20422,Навальный LIVE
2020-10-01 19:06:37.964226723,20697,Навальный LIVE
2020-10-01 19:06:43.037631035,20913,Навальный LIVE
2020-10-01 19:06:48.114605427,21083,Навальный LIVE
2020-10-01 19:06:53.185103893,21251,Навальный LIVE
2020-10-01 19:06:58.251777886,21397,Навальный LIVE
2020-10-01 19:07:03.314222097,21527,Навальный LIVE
2020-10-01 19:07:08.217849016,10285,Соловьёв LIVE
2020-10-01 19:07:13.286269903,10355,Соловьёв LIVE
2020-10-01 19:07:18.360635996,10436,Соловьёв LIVE
2020-10-01 19:07:23.454865456,10513,Соловьёв LIVE
2020-10-01 19:07:28.526208878,10566,Соловьёв LIVE
2020-10-01 19:07:33.588405371,10640,Соловьёв LIVE
2020-10-01 19:07:38.665003538,10717,Соловьёв LIVE
2020-10-01 19:07:43.750088453,10789,Соловьёв LIVE
2020-10-01 19:07:48.821040154,10859,Соловьёв LIVE
2020-10-01 19:07:53.892248392,10985,Соловьёв LIVE
2020-10-01 19:07:58.959035635,10985,Соловьёв LIVE
2020-10-01 19:08:04.026419640,11058,Соловьёв LIVE
2020-10-01 19:07:09.732937813,189,Эхо Москвы
2020-10-01 19:07:14.799477816,193,Эхо Москвы
2020-10-01 19:07:21.194241047,194,Эхо Москвы
2020-10-01 19:07:26.260738373,190,Эхо Москвы
2020-10-01 19:07:31.327910900,192,Эхо Москвы
2020-10-01 19:07:36.474900484,191,Эхо Москвы
2020-10-01 19:07:41.540159941,195,Эхо Москвы
2020-10-01 19:07:46.610426188,202,Эхо Москвы
2020-10-01 19:07:51.685956240,211,Эхо Москвы
2020-10-01 19:07:56.754599333,211,Эхо Москвы
2020-10-01 19:08:01.837611437,210,Эхо Москвы
2020-10-01 19:07:08.414324522,21641,Навальный LIVE
2020-10-01 19:07:13.479976654,21756,Навальный LIVE
2020-10-01 19:07:18.557084560,21891,Навальный LIVE
2020-10-01 19:07:23.649778605,22022,Навальный LIVE
2020-10-01 19:07:28.764684916,22157,Навальный LIVE
2020-10-01 19:07:33.843578577,22303,Навальный LIVE
2020-10-01 19:07:38.913110018,22454,Навальный LIVE
2020-10-01 19:07:43.985194921,22615,Навальный LIVE
2020-10-01 19:07:49.047978401,22742,Навальный LIVE
2020-10-01 19:07:54.123391151,22816,Навальный LIVE
2020-10-01 19:07:59.188707829,22917,Навальный LIVE
2020-10-01 19:08:04.281594515,23021,Навальный LIVE
2020-10-01 19:08:09.097871065,11058,Соловьёв LIVE
2020-10-01 19:08:14.205572128,11170,Соловьёв LIVE
2020-10-01 19:08:20.537835121,11217,Соловьёв LIVE
2020-10-01 19:08:25.599145412,11286,Соловьёв LIVE
2020-10-01 19:08:30.662967682,11358,Соловьёв LIVE
2020-10-01 19:08:37.198842525,11410,Соловьёв LIVE
2020-10-01 19:08:42.264588594,11464,Соловьёв LIVE
2020-10-01 19:08:47.376602650,11530,Соловьёв LIVE
2020-10-01 19:08:52.441806078,11589,Соловьёв LIVE
2020-10-01 19:08:57.510673523,11645,Соловьёв LIVE
2020-10-01 19:09:02.581625700,11714,Соловьёв LIVE
2020-10-01 19:08:06.898241520,210,Эхо Москвы
2020-10-01 19:08:11.969662189,218,Эхо Москвы
2020-10-01 19:08:17.040090799,232,Эхо Москвы
2020-10-01 19:08:22.106299400,230,Эхо Москвы
2020-10-01 19:08:27.198994637,230,Эхо Москвы
2020-10-01 19:08:32.277893066,232,Эхо Москвы
2020-10-01 19:08:37.343464851,232,Эхо Москвы
2020-10-01 19:08:42.407377243,246,Эхо Москвы
2020-10-01 19:08:47.473138571,244,Эхо Москвы
2020-10-01 19:08:52.534974336,241,Эхо Москвы
2020-10-01 19:08:57.616369486,242,Эхо Москвы
2020-10-01 19:09:02.684523344,245,Эхо Москвы
2020-10-01 19:08:09.352763176,23091,Навальный LIVE
2020-10-01 19:08:14.442471027,23180,Навальный LIVE
2020-10-01 19:08:20.474243879,23322,Навальный LIVE
2020-10-01 19:08:25.549163580,23427,Навальный LIVE
2020-10-01 19:08:30.622299194,23490,Навальный LIVE
2020-10-01 19:08:38.248399496,23623,Навальный LIVE
2020-10-01 19:08:43.317565441,23657,Навальный LIVE
2020-10-01 19:08:48.397678614,23725,Навальный LIVE
2020-10-01 19:08:53.465955496,23795,Навальный LIVE
2020-10-01 19:08:58.532734632,23859,Навальный LIVE
2020-10-01 19:09:03.696653366,23937,Навальный LIVE
2020-10-01 19:09:07.652053833,11787,Соловьёв LIVE
2020-10-01 19:09:12.712877274,11826,Соловьёв LIVE
2020-10-01 19:09:17.792171240,11889,Соловьёв LIVE
2020-10-01 19:09:22.857943058,11943,Соловьёв LIVE
2020-10-01 19:09:27.929275036,11978,Соловьёв LIVE
2020-10-01 19:09:32.991267681,12050,Соловьёв LIVE
2020-10-01 19:09:38.061371088,12138,Соловьёв LIVE
2020-10-01 19:09:43.138904572,12212,Соловьёв LIVE
2020-10-01 19:09:48.390537500,12290,Соловьёв LIVE
2020-10-01 19:09:53.495326757,12317,Соловьёв LIVE
2020-10-01 19:09:58.580392599,12351,Соловьёв LIVE
2020-10-01 19:10:03.646770716,12403,Соловьёв LIVE
2020-10-01 19:09:07.770553827,252,Эхо Москвы
2020-10-01 19:09:12.838981152,262,Эхо Москвы
2020-10-01 19:09:17.904882908,259,Эхо Москвы
2020-10-01 19:09:22.971713305,260,Эхо Москвы
2020-10-01 19:09:28.054072142,273,Эхо Москвы
2020-10-01 19:09:33.347028494,280,Эхо Москвы
2020-10-01 19:09:38.418007374,278,Эхо Москвы
2020-10-01 19:09:43.531920195,280,Эхо Москвы
2020-10-01 19:09:48.649930000,286,Эхо Москвы
2020-10-01 19:09:53.816324711,288,Эхо Москвы
2020-10-01 19:09:58.891119957,285,Эхо Москвы
2020-10-01 19:10:03.958003998,287,Эхо Москвы
2020-10-01 19:09:08.768011332,23991,Навальный LIVE
2020-10-01 19:09:13.838382244,24093,Навальный LIVE
2020-10-01 19:09:18.905771971,24162,Навальный LIVE
2020-10-01 19:09:23.987488508,24246,Навальный LIVE
2020-10-01 19:09:29.053018570,24330,Навальный LIVE
2020-10-01 19:09:34.117709160,24435,Навальный LIVE
2020-10-01 19:09:39.186784029,24515,Навальный LIVE
2020-10-01 19:09:44.255868673,24583,Навальный LIVE
2020-10-01 19:09:49.417077541,24678,Навальный LIVE
2020-10-01 19:09:54.516472100,24775,Навальный LIVE
2020-10-01 19:09:59.657371998,24893,Навальный LIVE
2020-10-01 19:10:04.732149839,24983,Навальный LIVE
2020-10-01 19:10:08.711641788,12459,Соловьёв LIVE
2020-10-01 19:10:13.791481018,12501,Соловьёв LIVE
2020-10-01 19:10:18.875487328,12606,Соловьёв LIVE
2020-10-01 19:10:23.955719471,12689,Соловьёв LIVE
2020-10-01 19:10:29.048531532,12689,Соловьёв LIVE
2020-10-01 19:10:34.122052431,12836,Соловьёв LIVE
2020-10-01 19:10:39.197487593,12905,Соловьёв LIVE
2020-10-01 19:10:44.266922474,12935,Соловьёв LIVE
2020-10-01 19:10:49.331203222,12999,Соловьёв LIVE
2020-10-01 19:10:54.397331238,13061,Соловьёв LIVE
2020-10-01 19:10:59.484880447,13139,Соловьёв LIVE
2020-10-01 19:11:04.566037416,13224,Соловьёв LIVE
2020-10-01 19:10:09.031754732,291,Эхо Москвы
2020-10-01 19:10:14.100769520,300,Эхо Москвы
2020-10-01 19:10:19.165024042,304,Эхо Москвы
2020-10-01 19:10:24.235782146,306,Эхо Москвы
2020-10-01 19:10:29.304388762,311,Эхо Москвы
2020-10-01 19:10:34.374238729,310,Эхо Москвы
2020-10-01 19:10:39.443358898,309,Эхо Москвы
2020-10-01 19:10:44.520912409,315,Эхо Москвы
2020-10-01 19:10:49.598397493,318,Эхо Москвы
2020-10-01 19:10:54.845767498,320,Эхо Москвы
2020-10-01 19:10:59.917419434,323,Эхо Москвы
2020-10-01 19:11:04.980746746,331,Эхо Москвы
2020-10-01 19:10:09.803343058,25070,Навальный LIVE
2020-10-01 19:10:14.869991302,25196,Навальный LIVE
2020-10-01 19:10:19.948380470,25308,Навальный LIVE
2020-10-01 19:10:25.029220819,25411,Навальный LIVE
2020-10-01 19:10:30.129607438,25481,Навальный LIVE
2020-10-01 19:10:35.315745592,25573,Навальный LIVE
2020-10-01 19:10:40.383867979,25640,Навальный LIVE
2020-10-01 19:10:45.449143648,25656,Навальный LIVE
2020-10-01 19:10:50.520894050,25721,Навальный LIVE
2020-10-01 19:10:55.610946417,25790,Навальный LIVE
2020-10-01 19:11:00.695518494,25865,Навальный LIVE
2020-10-01 19:11:10.051151514,327,Эхо Москвы
2020-10-01 19:11:15.132240057,324,Эхо Москвы
2020-10-01 19:11:20.211447954,323,Эхо Москвы
2020-10-01 19:11:25.282055378,331,Эхо Москвы
2020-10-01 19:11:30.392625093,338,Эхо Москвы
2020-10-01 19:11:35.468334675,340,Эхо Москвы
2020-10-01 19:11:40.536148070,350,Эхо Москвы
2020-10-01 19:11:45.604570389,353,Эхо Москвы
2020-10-01 19:11:50.673532486,349,Эхо Москвы
2020-10-01 19:11:55.748361826,346,Эхо Москвы
2020-10-01 19:12:00.820675611,346,Эхо Москвы
2020-10-01 19:11:05.770349503,25949,Навальный LIVE
2020-10-01 19:11:10.835522175,26035,Навальный LIVE
2020-10-01 19:11:15.900696516,26126,Навальный LIVE
2020-10-01 19:11:21.643597364,26240,Навальный LIVE
2020-10-01 19:11:26.714923382,26329,Навальный LIVE
2020-10-01 19:11:31.783773184,26322,Навальный LIVE
2020-10-01 19:11:36.859295368,26397,Навальный LIVE
2020-10-01 19:11:41.927128553,26592,Навальный LIVE
2020-10-01 19:11:46.983959913,26686,Навальный LIVE
2020-10-01 19:11:52.051479578,26751,Навальный LIVE
2020-10-01 19:11:57.118359566,26751,Навальный LIVE
2020-10-01 19:12:02.182191133,26779,Навальный LIVE
2020-10-01 19:11:09.647030354,13287,Соловьёв LIVE
2020-10-01 19:11:14.726184607,13372,Соловьёв LIVE
2020-10-01 19:11:19.802810669,13440,Соловьёв LIVE
2020-10-01 19:11:24.874124765,13516,Соловьёв LIVE
2020-10-01 19:11:29.947646141,13595,Соловьёв LIVE
2020-10-01 19:11:35.021637201,13654,Соловьёв LIVE
2020-10-01 19:11:40.097205400,13724,Соловьёв LIVE
2020-10-01 19:11:45.170237780,13815,Соловьёв LIVE
2020-10-01 19:11:50.245054483,13898,Соловьёв LIVE
2020-10-01 19:11:55.318649292,13925,Соловьёв LIVE
2020-10-01 19:12:00.392742634,13972,Соловьёв LIVE
2020-10-01 19:12:05.460003614,14009,Соловьёв LIVE
2020-10-01 19:12:10.527235985,14067,Соловьёв LIVE
2020-10-01 19:12:15.613775015,14110,Соловьёв LIVE
2020-10-01 19:12:20.685535431,14183,Соловьёв LIVE
2020-10-01 19:12:25.752039433,14248,Соловьёв LIVE
2020-10-01 19:12:30.833500624,14314,Соловьёв LIVE
2020-10-01 19:12:35.904767752,14394,Соловьёв LIVE
2020-10-01 19:12:42.512593269,14462,Соловьёв LIVE
2020-10-01 19:12:47.593805552,14560,Соловьёв LIVE
2020-10-01 19:12:52.666380405,14622,Соловьёв LIVE
2020-10-01 19:12:57.751501083,14719,Соловьёв LIVE
2020-10-01 19:13:02.814146519,14790,Соловьёв LIVE
2020-10-01 19:12:05.885683775,346,Эхо Москвы
2020-10-01 19:12:10.955179453,349,Эхо Москвы
2020-10-01 19:12:16.021159887,355,Эхо Москвы
2020-10-01 19:12:21.086700201,360,Эхо Москвы
2020-10-01 19:12:26.171897411,363,Эхо Москвы
2020-10-01 19:12:31.237176895,367,Эхо Москвы
2020-10-01 19:12:36.330215931,364,Эхо Москвы
2020-10-01 19:12:42.197872400,365,Эхо Москвы
2020-10-01 19:12:47.272348404,367,Эхо Москвы
2020-10-01 19:12:52.338246107,370,Эхо Москвы
2020-10-01 19:12:57.408330441,371,Эхо Москвы
2020-10-01 19:13:02.479838133,377,Эхо Москвы
2020-10-01 19:12:07.277024508,26822,Навальный LIVE
2020-10-01 19:12:12.346889019,26883,Навальный LIVE
2020-10-01 19:12:17.410978794,26963,Навальный LIVE
2020-10-01 19:12:22.483609200,26982,Навальный LIVE
2020-10-01 19:12:29.356132507,27002,Навальный LIVE
2020-10-01 19:12:34.424774408,27103,Навальный LIVE
2020-10-01 19:12:39.506992579,27155,Навальный LIVE
2020-10-01 19:12:44.590243101,27202,Навальный LIVE
2020-10-01 19:12:49.665513277,27229,Навальный LIVE
2020-10-01 19:12:54.730024815,27306,Навальный LIVE
2020-10-01 19:12:59.808322191,27369,Навальный LIVE
2020-10-01 19:13:04.873703957,27419,Навальный LIVE
2020-10-01 19:13:07.881552696,14848,Соловьёв LIVE
2020-10-01 19:13:12.954401493,14898,Соловьёв LIVE
2020-10-01 19:13:18.025058985,14948,Соловьёв LIVE
2020-10-01 19:13:23.111486435,15002,Соловьёв LIVE
2020-10-01 19:13:28.194806814,15024,Соловьёв LIVE
2020-10-01 19:13:33.261575936,15105,Соловьёв LIVE
2020-10-01 19:13:38.333541393,15129,Соловьёв LIVE
2020-10-01 19:13:43.407310247,15178,Соловьёв LIVE
2020-10-01 19:13:48.480275869,15228,Соловьёв LIVE
2020-10-01 19:13:53.549903631,15267,Соловьёв LIVE
2020-10-01 19:13:58.629997969,15308,Соловьёв LIVE
2020-10-01 19:14:03.715001106,15333,Соловьёв LIVE
2020-10-01 19:13:07.540734529,377,Эхо Москвы
2020-10-01 19:13:12.748146772,385,Эхо Москвы
2020-10-01 19:13:17.820888519,388,Эхо Москвы
2020-10-01 19:13:22.901577473,398,Эхо Москвы
2020-10-01 19:13:27.968104601,407,Эхо Москвы
2020-10-01 19:13:33.047555447,410,Эхо Москвы
2020-10-01 19:13:38.126527070,408,Эхо Москвы
2020-10-01 19:13:43.266878605,405,Эхо Москвы
2020-10-01 19:13:48.341207504,402,Эхо Москвы
2020-10-01 19:13:53.413478613,406,Эхо Москвы
2020-10-01 19:13:58.595602751,412,Эхо Москвы
2020-10-01 19:14:03.657652617,418,Эхо Москвы
2020-10-01 19:13:10.116253376,27467,Навальный LIVE
2020-10-01 19:13:15.199510574,27464,Навальный LIVE
2020-10-01 19:13:20.273307800,27482,Навальный LIVE
2020-10-01 19:13:25.342363119,27529,Навальный LIVE
2020-10-01 19:13:30.431276083,27566,Навальный LIVE
2020-10-01 19:13:35.500801802,27597,Навальный LIVE
2020-10-01 19:13:40.584905386,27581,Навальный LIVE
2020-10-01 19:13:45.654106379,27633,Навальный LIVE
2020-10-01 19:13:50.780645370,27677,Навальный LIVE
2020-10-01 19:13:55.850444555,27752,Навальный LIVE
2020-10-01 19:14:00.923678398,27789,Навальный LIVE
2020-10-01 19:14:08.780646086,15333,Соловьёв LIVE
2020-10-01 19:14:13.841079473,15364,Соловьёв LIVE
2020-10-01 19:14:18.902521372,15395,Соловьёв LIVE
2020-10-01 19:14:23.975287199,15395,Соловьёв LIVE
2020-10-01 19:14:29.041801453,15401,Соловьёв LIVE
2020-10-01 19:14:34.103289127,15435,Соловьёв LIVE
2020-10-01 19:14:39.165405750,15455,Соловьёв LIVE
2020-10-01 19:14:44.238360882,15455,Соловьёв LIVE
2020-10-01 19:14:49.305524826,15530,Соловьёв LIVE
2020-10-01 19:14:54.375829458,15573,Соловьёв LIVE
2020-10-01 19:14:59.442208767,15602,Соловьёв LIVE
2020-10-01 19:15:04.607177258,15602,Соловьёв LIVE
2020-10-01 19:14:08.740000725,417,Эхо Москвы
2020-10-01 19:14:13.801865816,415,Эхо Москвы
2020-10-01 19:14:18.884244680,424,Эхо Москвы
2020-10-01 19:14:23.999764919,422,Эхо Москвы
2020-10-01 19:14:29.080814362,426,Эхо Москвы
2020-10-01 19:14:34.162764549,428,Эхо Москвы
2020-10-01 19:14:39.229144573,428,Эхо Москвы
2020-10-01 19:14:44.289698362,436,Эхо Москвы
2020-10-01 19:14:49.361201525,440,Эхо Москвы
2020-10-01 19:14:54.428905249,442,Эхо Москвы
2020-10-01 19:15:00.255633593,441,Эхо Москвы
2020-10-01 19:15:05.317065477,448,Эхо Москвы
2020-10-01 19:14:05.993919849,27839,Навальный LIVE
2020-10-01 19:14:11.071276903,27883,Навальный LIVE
2020-10-01 19:14:16.136559486,27924,Навальный LIVE
2020-10-01 19:14:21.212818623,27985,Навальный LIVE
2020-10-01 19:14:26.278505564,28085,Навальный LIVE
2020-10-01 19:14:31.342397451,28162,Навальный LIVE
2020-10-01 19:14:36.415156126,28225,Навальный LIVE
2020-10-01 19:14:41.475809574,28298,Навальный LIVE
2020-10-01 19:14:46.549528599,28413,Навальный LIVE
2020-10-01 19:14:51.618791819,28413,Навальный LIVE
2020-10-01 19:14:56.715157509,28465,Навальный LIVE
2020-10-01 19:15:01.817367554,28615,Навальный LIVE
